,n,surmiseChi2,VIChi2,surmiseRMSE,VIRMSE,lnug0
0,25,0.058804005953523954,0.916695192824394,1.3239771624389107,1.323746657617842,-4.175779923556714
1,50,0.11213410463309932,0.6233907661296672,1.3240331334744826,1.2454042389870739,-7.8173035718866295
2,100,0.03283023545991817,0.5257525903658445,0.8451708221859143,1.0790435083730796,-7.387086000259569
3,250,0.024863007020447157,0.5649280289698031,0.7705967427311144,1.187419170341583,-7.25254592248358
4,500,0.009531429641247525,0.361003896926974,0.4024168720971404,1.009337088966036,-8.06806968217991
5,1000,0.008549368793018269,0.4088532388144033,0.3633947456097361,1.0527498369064956,-7.694669762362995
