,n,surmiseChi2,VIChi2,surmiseRMSE,VIRMSE,lnug0
0,25,0.24615419929555582,1.3724855754447873,2.341157229811345,2.4999389019443257,-7.048239814099784
1,50,0.22005659046117912,1.098910710219779,1.5728399440544236,1.577045833221188,-6.376085706153837
2,100,0.2059293746443045,0.8675799015341723,1.7067470070476642,1.2224236140469207,-6.979030527948145
3,250,0.1366372359874445,0.5444638108418629,1.1029291522272513,1.1013296761927394,-6.9415931507532145
