,n,surmise,VI,lsigma2
0,25,1.1202113152919146,12.408547198567327,-0.5753251598870825
1,50,0.6378500239972599,16.01006687491309,-0.11515053200076242
2,100,0.15385023923817695,2.998351790818537,-0.6785184976417478
3,250,0.10542948857258594,1.744017163383547,-0.509292292322777
4,25,1.063733764987328,15.101640985420882,-0.35995936498558123
5,50,0.4486528424715682,10.53483029458712,-0.18058176170380769
6,100,22.601382866455033,2.320757608708449,-0.6533817369319097
7,250,0.08017181055560986,1.9792901697437357,-0.4709059713866921
